Model,Accuracy,AUC,Precision,Recall,F1,MCC
Logistic Regression,0.5057915057915058,0.6927551614069846,0.5118924628888284,0.5057915057915058,0.5068479172637742,0.2602916372635147
Decision Tree,0.4362934362934363,0.5774740422766272,0.437449735108146,0.4362934362934363,0.43584210215782243,0.15522175438195362
KNN,0.5637065637065637,0.7010708052266618,0.5637963544940289,0.5637065637065637,0.5637384091901889,0.34555781667442603
Naive Bayes,0.42084942084942084,0.6039427960438387,0.45387990030847175,0.42084942084942084,0.359337734573789,0.1699833009476149
Random Forest,0.5752895752895753,0.7439762619830077,0.5773929444815521,0.5752895752895753,0.5745030290229721,0.3645019697321103
XGBoost,0.5444015444015444,0.7242065925541561,0.5490219093257508,0.5444015444015444,0.5429950725136955,0.3193075753772858
